Duration (s),Frequency
3.9734375,2
1.908854166666666,2
4.357812500000001,2
0.138541666666665,1
3.205208333333335,1
0.04270833333333357,2
0.911979166666665,2
0.7895833333333329,2
4.629166666666666,2
2.0796874999999986,1
2.6083333333333343,1
0.5812500000000007,2
1.4135416666666671,2
0.04791666666666572,2
3.28541666666667,1
0.9119791666666686,1
0.19166666666666998,2
4.037500000000001,1
