Time (s),Frequency
6.610416666666667,1
10.583854166666667,2
12.492708333333333,2
16.850520833333334,2
16.9890625,1
20.194270833333334,1
20.236979166666668,2
21.148958333333333,2
21.938541666666666,2
26.567708333333332,2
28.64739583333333,1
31.255729166666665,1
31.836979166666666,2
33.25052083333333,2
33.2984375,2
36.58385416666667,1
37.49583333333334,1
37.68750000000001,2
41.72500000000001,1
