time,pitch,C,C#,D,D#,E,F,F#,G,G#,A,A#,B
30.199680,102,0.000000,0.000000,0.000000,0.000000,0.000000,0.000000,0.000000,0.000000,0.000000,0.000000,0.000000,0.000000
36.198788,67,0.000000,0.000000,0.000000,0.000000,0.000000,0.000000,0.000000,0.000000,0.000000,0.000000,0.000000,0.000000
41.998680,62,0.000000,0.000000,0.000000,0.000000,0.000000,0.000000,0.000000,0.000000,0.000000,0.000000,0.000000,0.000000
43.049141,64,0.000000,0.062506,1.625163,0.000000,1.625163,0.000000,0.062506,1.625163,0.062506,1.750175,0.000000,0.250025
44.049240,67,0.000000,1.625163,1.935972,1.625163,0.182353,0.062506,0.062506,1.746731,0.250025,0.310809,0.250025,0.062506
54.399403,101,0.000000,0.000000,0.000000,0.000000,0.000000,0.000000,0.000000,0.000000,0.000000,0.000000,0.000000,0.000000
57.399460,101,0.182365,0.182365,0.182365,0.182365,0.364730,0.486307,0.000000,0.182365,0.182365,0.000000,0.182365,0.000000
58.249573,66,0.062532,2.001015,0.312659,0.250127,0.250127,0.312659,3.251649,1.625825,1.875952,1.625825,1.688356,0.062532
