time,pitch,C,C#,D,D#,E,F,F#,G,G#,A,A#,B
16.249874,73,0.000000,0.000000,0.000000,0.000000,0.000000,0.000000,0.000000,0.000000,0.000000,0.000000,0.000000,0.000000
42.799755,87,0.000000,0.000000,0.000000,0.000000,0.000000,0.000000,0.000000,0.000000,0.000000,0.000000,0.000000,0.000000
50.652500,65,0.000000,0.000000,0.000000,0.000000,0.000000,0.000000,0.000000,0.000000,0.000000,0.000000,0.000000,0.000000
51.851826,92,1.687533,1.625032,0.000000,0.250005,0.312506,1.687533,1.625032,0.250005,1.625032,1.625032,0.062501,0.000000
52.598473,66,1.932596,2.101422,1.936025,0.363734,0.312452,0.621095,3.372431,1.873573,2.182405,1.874810,1.686215,1.686215
