time,pitch,C,C#,D,D#,E,F,F#,G,G#,A,A#,B
3.702964,61,0.000000,0.000000,0.000000,0.000000,0.000000,0.000000,0.000000,0.000000,0.000000,0.000000,0.000000,0.000000
4.448462,77,0.249810,0.000000,0.000000,0.000000,0.000000,1.623763,0.000000,0.000000,0.000000,0.062452,0.000000,0.000000
5.948758,99,0.062500,1.625003,0.000000,1.625003,0.250000,0.062500,0.250000,0.062500,1.625003,1.625003,0.250000,1.625003
6.298624,86,0.000000,0.863592,1.672554,0.863592,0.132860,0.000000,0.197189,0.000000,0.863592,1.054478,0.132860,0.863592
47.548321,88,0.000000,0.000000,0.000000,0.000000,0.000000,0.000000,0.000000,0.000000,0.000000,0.000000,0.000000,0.000000
51.355278,86,0.000000,0.000000,0.000000,0.000000,0.000000,0.000000,0.000000,0.000000,0.000000,0.000000,0.000000,0.000000
58.348682,98,0.000000,0.000000,0.000000,0.000000,0.000000,0.000000,0.000000,0.000000,0.000000,0.000000,0.000000,0.000000
