Duration (s),Frequency
0.3145833333333332,2
1.9682291666666671,2
0.04218749999999982,2
0.1708333333333334,2
14.117187500000002,1
27.227083333333333,1
0.1067708333333357,1
3.7010416666666686,1
7.018749999999997,2
2.319791666666667,2
0.06406249999999858,2
11.909374999999997,2
0.08020833333333144,1
1.2369791666666714,1
1.8828125,1
